username,first_name,last_name,email
Barbara.Lawson,Barbara,Lawson,Barbara.Lawson@icb2.bg
Jonathan.Watkins,Jonathan,Watkins,Jonathan.Watkins@icb2.bg
Irene.Hunter,Irene,Hunter,Irene.Hunter@icb2.bg
Matthew.Cooper,Matthew,Cooper,Matthew.Cooper@icb2.bg
Steven.Bryant,Steven,Bryant,Steven.Bryant@icb2.bg
Mary.Shaw,Mary,Shaw,Mary.Shaw@icb2.bg
Julia.Evans,Julia,Evans,Julia.Evans@icb2.bg
Cheryl.Welch,Cheryl,Welch,Cheryl.Welch@icb2.bg
Sarah.Harper,Sarah,Harper,Sarah.Harper@icb2.bg
Wanda.Garcia,Wanda,Garcia,Wanda.Garcia@icb2.bg
Joyce.Graham,Joyce,Graham,Joyce.Graham@icb2.bg
Philip.Reynolds,Philip,Reynolds,Philip.Reynolds@icb2.bg
Sandra.Weaver,Sandra,Weaver,Sandra.Weaver@icb2.bg
Victor.Morris,Victor,Morris,Victor.Morris@icb2.bg
Lawrence.Chapman,Lawrence,Chapman,Lawrence.Chapman@icb2.bg
Virginia.Romero,Virginia,Romero,Virginia.Romero@icb2.bg
Nicole.Ferguson,Nicole,Ferguson,Nicole.Ferguson@icb2.bg
Jimmy.Larson,Jimmy,Larson,Jimmy.Larson@icb2.bg
Philip.Garcia,Philip,Garcia,Philip.Garcia@icb2.bg
Debra.Stanley,Debra,Stanley,Debra.Stanley@icb2.bg
Teresa.Reed,Teresa,Reed,Teresa.Reed@icb2.bg
Heather.Cook,Heather,Cook,Heather.Cook@icb2.bg
Henry.Richards,Henry,Richards,Henry.Richards@icb2.bg
Harry.Fields,Harry,Fields,Harry.Fields@icb2.bg
Doris.Richards,Doris,Richards,Doris.Richards@icb2.bg
Ann.Miller,Ann,Miller,Ann.Miller@icb2.bg
Angela.Robinson,Angela,Robinson,Angela.Robinson@icb2.bg
Marilyn.Edwards,Marilyn,Edwards,Marilyn.Edwards@icb2.bg
Billy.Elliott,Billy,Elliott,Billy.Elliott@icb2.bg
Lisa.Welch,Lisa,Welch,Lisa.Welch@icb2.bg
Patrick.Torres,Patrick,Torres,Patrick.Torres@icb2.bg
Karen.Edwards,Karen,Edwards,Karen.Edwards@icb2.bg
Chris.Lopez,Chris,Lopez,Chris.Lopez@icb2.bg
Nancy.Palmer,Nancy,Palmer,Nancy.Palmer@icb2.bg
Todd.Chavez,Todd,Chavez,Todd.Chavez@icb2.bg
Rose.Parker,Rose,Parker,Rose.Parker@icb2.bg
Doris.Ortiz,Doris,Ortiz,Doris.Ortiz@icb2.bg
Jonathan.Rogers,Jonathan,Rogers,Jonathan.Rogers@icb2.bg
Ann.Nguyen,Ann,Nguyen,Ann.Nguyen@icb2.bg
Andrew.Carter,Andrew,Carter,Andrew.Carter@icb2.bg
Helen.Gutierrez,Helen,Gutierrez,Helen.Gutierrez@icb2.bg
Ralph.Frazier,Ralph,Frazier,Ralph.Frazier@icb2.bg
Doris.Lane,Doris,Lane,Doris.Lane@icb2.bg
Martin.West,Martin,West,Martin.West@icb2.bg
Eugene.Hart,Eugene,Hart,Eugene.Hart@icb2.bg
Robin.Gonzales,Robin,Gonzales,Robin.Gonzales@icb2.bg
William.Reynolds,William,Reynolds,William.Reynolds@icb2.bg
Cynthia.Alexander,Cynthia,Alexander,Cynthia.Alexander@icb2.bg
Scott.Ryan,Scott,Ryan,Scott.Ryan@icb2.bg
Sandra.Collins,Sandra,Collins,Sandra.Collins@icb2.bg
Henry.Fields,Henry,Fields,Henry.Fields@icb2.bg
Craig.Foster,Craig,Foster,Craig.Foster@icb2.bg
David.Brown,David,Brown,David.Brown@icb2.bg
Eugene.Thompson,Eugene,Thompson,Eugene.Thompson@icb2.bg
Samuel.Walker,Samuel,Walker,Samuel.Walker@icb2.bg
Sandra.Stanley,Sandra,Stanley,Sandra.Stanley@icb2.bg
Dennis.Wells,Dennis,Wells,Dennis.Wells@icb2.bg
Scott.Wilson,Scott,Wilson,Scott.Wilson@icb2.bg
Antonio.Gray,Antonio,Gray,Antonio.Gray@icb2.bg
Bruce.Nichols,Bruce,Nichols,Bruce.Nichols@icb2.bg
Harold.Russell,Harold,Russell,Harold.Russell@icb2.bg
Jean.Bennett,Jean,Bennett,Jean.Bennett@icb2.bg
Kathryn.Rodriguez,Kathryn,Rodriguez,Kathryn.Rodriguez@icb2.bg
Deborah.Nguyen,Deborah,Nguyen,Deborah.Nguyen@icb2.bg
Lawrence.Ellis,Lawrence,Ellis,Lawrence.Ellis@icb2.bg
Michael.Lane,Michael,Lane,Michael.Lane@icb2.bg
Frank.Sullivan,Frank,Sullivan,Frank.Sullivan@icb2.bg
Adam.Mason,Adam,Mason,Adam.Mason@icb2.bg
Keith.Foster,Keith,Foster,Keith.Foster@icb2.bg
Jose.Boyd,Jose,Boyd,Jose.Boyd@icb2.bg
Daniel.Tucker,Daniel,Tucker,Daniel.Tucker@icb2.bg
Craig.Oliver,Craig,Oliver,Craig.Oliver@icb2.bg
Jonathan.Simpson,Jonathan,Simpson,Jonathan.Simpson@icb2.bg
William.Wagner,William,Wagner,William.Wagner@icb2.bg
Gerald.Lopez,Gerald,Lopez,Gerald.Lopez@icb2.bg
Diana.Fernandez,Diana,Fernandez,Diana.Fernandez@icb2.bg
Jessica.Day,Jessica,Day,Jessica.Day@icb2.bg
Amanda.Torres,Amanda,Torres,Amanda.Torres@icb2.bg
Anne.Graham,Anne,Graham,Anne.Graham@icb2.bg
Russell.Payne,Russell,Payne,Russell.Payne@icb2.bg
Teresa.Jenkins,Teresa,Jenkins,Teresa.Jenkins@icb2.bg
Kelly.Olson,Kelly,Olson,Kelly.Olson@icb2.bg
Chris.Little,Chris,Little,Chris.Little@icb2.bg
Jack.Reyes,Jack,Reyes,Jack.Reyes@icb2.bg
Ruth.Duncan,Ruth,Duncan,Ruth.Duncan@icb2.bg
Brenda.Scott,Brenda,Scott,Brenda.Scott@icb2.bg
Robert.Meyer,Robert,Meyer,Robert.Meyer@icb2.bg
Anna.Ray,Anna,Ray,Anna.Ray@icb2.bg
Carl.Bradley,Carl,Bradley,Carl.Bradley@icb2.bg
Jean.Crawford,Jean,Crawford,Jean.Crawford@icb2.bg
Ryan.Stanley,Ryan,Stanley,Ryan.Stanley@icb2.bg
Janet.Jacobs,Janet,Jacobs,Janet.Jacobs@icb2.bg
Gregory.Morrison,Gregory,Morrison,Gregory.Morrison@icb2.bg
Sandra.Little,Sandra,Little,Sandra.Little@icb2.bg
Stephen.Thomas,Stephen,Thomas,Stephen.Thomas@icb2.bg
Bonnie.Brooks,Bonnie,Brooks,Bonnie.Brooks@icb2.bg
Thomas.Rose,Thomas,Rose,Thomas.Rose@icb2.bg
Sandra.Evans,Sandra,Evans,Sandra.Evans@icb2.bg
Jerry.Schmidt,Jerry,Schmidt,Jerry.Schmidt@icb2.bg
Lawrence.Gomez,Lawrence,Gomez,Lawrence.Gomez@icb2.bg
Louis.Cox,Louis,Cox,Louis.Cox@icb2.bg
Deborah.Howard,Deborah,Howard,Deborah.Howard@icb2.bg
Diane.Wilson,Diane,Wilson,Diane.Wilson@icb2.bg
Nancy.Wright,Nancy,Wright,Nancy.Wright@icb2.bg
Todd.Garrett,Todd,Garrett,Todd.Garrett@icb2.bg
Robert.Simpson,Robert,Simpson,Robert.Simpson@icb2.bg
Jason.Gordon,Jason,Gordon,Jason.Gordon@icb2.bg
Clarence.Cruz,Clarence,Cruz,Clarence.Cruz@icb2.bg
Richard.Nelson,Richard,Nelson,Richard.Nelson@icb2.bg
Wanda.Rice,Wanda,Rice,Wanda.Rice@icb2.bg
Ruth.Johnston,Ruth,Johnston,Ruth.Johnston@icb2.bg
Ronald.Carr,Ronald,Carr,Ronald.Carr@icb2.bg
Anna.Carr,Anna,Carr,Anna.Carr@icb2.bg
Rose.Cunningham,Rose,Cunningham,Rose.Cunningham@icb2.bg
Betty.Bishop,Betty,Bishop,Betty.Bishop@icb2.bg
Victor.Austin,Victor,Austin,Victor.Austin@icb2.bg
Jeremy.Sullivan,Jeremy,Sullivan,Jeremy.Sullivan@icb2.bg
Deborah.Boyd,Deborah,Boyd,Deborah.Boyd@icb2.bg
Emily.Hanson,Emily,Hanson,Emily.Hanson@icb2.bg
Ruth.Garcia,Ruth,Garcia,Ruth.Garcia@icb2.bg
Andrea.Jones,Andrea,Jones,Andrea.Jones@icb2.bg
Jonathan.Miller,Jonathan,Miller,Jonathan.Miller@icb2.bg
Paula.Cruz,Paula,Cruz,Paula.Cruz@icb2.bg
Jason.Diaz,Jason,Diaz,Jason.Diaz@icb2.bg
Michael.Lane,Michael,Lane,Michael.Lane@icb2.bg
Donald.Lynch,Donald,Lynch,Donald.Lynch@icb2.bg
Diana.Ramirez,Diana,Ramirez,Diana.Ramirez@icb2.bg
Anne.Carroll,Anne,Carroll,Anne.Carroll@icb2.bg
Bonnie.Washington,Bonnie,Washington,Bonnie.Washington@icb2.bg
Stephanie.Long,Stephanie,Long,Stephanie.Long@icb2.bg
Jonathan.Daniels,Jonathan,Daniels,Jonathan.Daniels@icb2.bg
Theresa.Morgan,Theresa,Morgan,Theresa.Morgan@icb2.bg
Chris.Gray,Chris,Gray,Chris.Gray@icb2.bg
Mark.Nichols,Mark,Nichols,Mark.Nichols@icb2.bg
Thomas.Moore,Thomas,Moore,Thomas.Moore@icb2.bg
Amanda.Coleman,Amanda,Coleman,Amanda.Coleman@icb2.bg
Anne.Phillips,Anne,Phillips,Anne.Phillips@icb2.bg
Rose.Marshall,Rose,Marshall,Rose.Marshall@icb2.bg
Phyllis.Bowman,Phyllis,Bowman,Phyllis.Bowman@icb2.bg
Brenda.Ramos,Brenda,Ramos,Brenda.Ramos@icb2.bg
Ralph.Price,Ralph,Price,Ralph.Price@icb2.bg
Heather.Vasquez,Heather,Vasquez,Heather.Vasquez@icb2.bg
Brenda.Garrett,Brenda,Garrett,Brenda.Garrett@icb2.bg
Ashley.Stone,Ashley,Stone,Ashley.Stone@icb2.bg
Justin.Kelly,Justin,Kelly,Justin.Kelly@icb2.bg
Brandon.Meyer,Brandon,Meyer,Brandon.Meyer@icb2.bg
Jane.Rogers,Jane,Rogers,Jane.Rogers@icb2.bg
Billy.Meyer,Billy,Meyer,Billy.Meyer@icb2.bg
Julie.Wallace,Julie,Wallace,Julie.Wallace@icb2.bg
Wanda.Price,Wanda,Price,Wanda.Price@icb2.bg
Jessica.Owens,Jessica,Owens,Jessica.Owens@icb2.bg
Janice.Andrews,Janice,Andrews,Janice.Andrews@icb2.bg
Peter.Ruiz,Peter,Ruiz,Peter.Ruiz@icb2.bg
Brenda.Williamson,Brenda,Williamson,Brenda.Williamson@icb2.bg
Catherine.Knight,Catherine,Knight,Catherine.Knight@icb2.bg
Linda.Graham,Linda,Graham,Linda.Graham@icb2.bg
Judith.Johnston,Judith,Johnston,Judith.Johnston@icb2.bg
Linda.Owens,Linda,Owens,Linda.Owens@icb2.bg
Joan.Nguyen,Joan,Nguyen,Joan.Nguyen@icb2.bg
Sandra.Ferguson,Sandra,Ferguson,Sandra.Ferguson@icb2.bg
Betty.Lawson,Betty,Lawson,Betty.Lawson@icb2.bg
George.Little,George,Little,George.Little@icb2.bg
Paul.Jones,Paul,Jones,Paul.Jones@icb2.bg
Emily.Henry,Emily,Henry,Emily.Henry@icb2.bg
Judith.Kim,Judith,Kim,Judith.Kim@icb2.bg
Heather.Lynch,Heather,Lynch,Heather.Lynch@icb2.bg
Albert.Myers,Albert,Myers,Albert.Myers@icb2.bg
Shawn.Nelson,Shawn,Nelson,Shawn.Nelson@icb2.bg
Roger.Welch,Roger,Welch,Roger.Welch@icb2.bg
Keith.Greene,Keith,Greene,Keith.Greene@icb2.bg
Shawn.Myers,Shawn,Myers,Shawn.Myers@icb2.bg
Janet.Harvey,Janet,Harvey,Janet.Harvey@icb2.bg
Brian.Warren,Brian,Warren,Brian.Warren@icb2.bg
Ryan.Morgan,Ryan,Morgan,Ryan.Morgan@icb2.bg
Justin.Gonzalez,Justin,Gonzalez,Justin.Gonzalez@icb2.bg
Roger.Carpenter,Roger,Carpenter,Roger.Carpenter@icb2.bg
Joshua.Ward,Joshua,Ward,Joshua.Ward@icb2.bg
Jason.Johnson,Jason,Johnson,Jason.Johnson@icb2.bg
Martha.Armstrong,Martha,Armstrong,Martha.Armstrong@icb2.bg
Judy.Reed,Judy,Reed,Judy.Reed@icb2.bg
Scott.Arnold,Scott,Arnold,Scott.Arnold@icb2.bg
Terry.Fox,Terry,Fox,Terry.Fox@icb2.bg
Albert.Ramirez,Albert,Ramirez,Albert.Ramirez@icb2.bg
Terry.Brown,Terry,Brown,Terry.Brown@icb2.bg
Matthew.Collins,Matthew,Collins,Matthew.Collins@icb2.bg
Randy.Brooks,Randy,Brooks,Randy.Brooks@icb2.bg
Nicholas.Clark,Nicholas,Clark,Nicholas.Clark@icb2.bg
Gregory.Brooks,Gregory,Brooks,Gregory.Brooks@icb2.bg
Elizabeth.Smith,Elizabeth,Smith,Elizabeth.Smith@icb2.bg
Kathryn.Sullivan,Kathryn,Sullivan,Kathryn.Sullivan@icb2.bg
Philip.Miller,Philip,Miller,Philip.Miller@icb2.bg
Roger.Welch,Roger,Welch,Roger.Welch@icb2.bg
Donald.Walker,Donald,Walker,Donald.Walker@icb2.bg
Harold.Burke,Harold,Burke,Harold.Burke@icb2.bg
Susan.Medina,Susan,Medina,Susan.Medina@icb2.bg
Donald.Baker,Donald,Baker,Donald.Baker@icb2.bg
Jack.Stevens,Jack,Stevens,Jack.Stevens@icb2.bg
Craig.Kelley,Craig,Kelley,Craig.Kelley@icb2.bg
Louis.Miller,Louis,Miller,Louis.Miller@icb2.bg
Doris.Davis,Doris,Davis,Doris.Davis@icb2.bg
Janice.Bailey,Janice,Bailey,Janice.Bailey@icb2.bg
Clarence.Peters,Clarence,Peters,Clarence.Peters@icb2.bg
Peter.West,Peter,West,Peter.West@icb2.bg
Ronald.Sanders,Ronald,Sanders,Ronald.Sanders@icb2.bg
Gregory.Hudson,Gregory,Hudson,Gregory.Hudson@icb2.bg
Diane.Day,Diane,Day,Diane.Day@icb2.bg
Billy.Cunningham,Billy,Cunningham,Billy.Cunningham@icb2.bg
Dorothy.Hamilton,Dorothy,Hamilton,Dorothy.Hamilton@icb2.bg
Edward.Garza,Edward,Garza,Edward.Garza@icb2.bg
Edward.Stone,Edward,Stone,Edward.Stone@icb2.bg
Shawn.Jackson,Shawn,Jackson,Shawn.Jackson@icb2.bg
Mary.White,Mary,White,Mary.White@icb2.bg
Arthur.Chavez,Arthur,Chavez,Arthur.Chavez@icb2.bg
Wanda.Gonzales,Wanda,Gonzales,Wanda.Gonzales@icb2.bg
Ruth.Woods,Ruth,Woods,Ruth.Woods@icb2.bg
Shawn.Jones,Shawn,Jones,Shawn.Jones@icb2.bg
Ann.Hansen,Ann,Hansen,Ann.Hansen@icb2.bg
Ronald.Dunn,Ronald,Dunn,Ronald.Dunn@icb2.bg
Paula.Rogers,Paula,Rogers,Paula.Rogers@icb2.bg
Aaron.Tucker,Aaron,Tucker,Aaron.Tucker@icb2.bg
Bruce.Carroll,Bruce,Carroll,Bruce.Carroll@icb2.bg
Annie.Stevens,Annie,Stevens,Annie.Stevens@icb2.bg
Richard.Johnson,Richard,Johnson,Richard.Johnson@icb2.bg
Anne.Hamilton,Anne,Hamilton,Anne.Hamilton@icb2.bg
Stephanie.Duncan,Stephanie,Duncan,Stephanie.Duncan@icb2.bg
Joseph.Lynch,Joseph,Lynch,Joseph.Lynch@icb2.bg
Joseph.Richards,Joseph,Richards,Joseph.Richards@icb2.bg
Eric.Ray,Eric,Ray,Eric.Ray@icb2.bg
Kathy.Nguyen,Kathy,Nguyen,Kathy.Nguyen@icb2.bg
Denise.Lawrence,Denise,Lawrence,Denise.Lawrence@icb2.bg
Clarence.Henderson,Clarence,Henderson,Clarence.Henderson@icb2.bg
Catherine.Thompson,Catherine,Thompson,Catherine.Thompson@icb2.bg
Tammy.Myers,Tammy,Myers,Tammy.Myers@icb2.bg
Jack.Cunningham,Jack,Cunningham,Jack.Cunningham@icb2.bg
Donna.Fernandez,Donna,Fernandez,Donna.Fernandez@icb2.bg
Lawrence.Andrews,Lawrence,Andrews,Lawrence.Andrews@icb2.bg
Robert.Edwards,Robert,Edwards,Robert.Edwards@icb2.bg
Jennifer.Gilbert,Jennifer,Gilbert,Jennifer.Gilbert@icb2.bg
Billy.Jones,Billy,Jones,Billy.Jones@icb2.bg
Jacqueline.Morris,Jacqueline,Morris,Jacqueline.Morris@icb2.bg
Rachel.Lawrence,Rachel,Lawrence,Rachel.Lawrence@icb2.bg
Judy.Evans,Judy,Evans,Judy.Evans@icb2.bg
Thomas.Morgan,Thomas,Morgan,Thomas.Morgan@icb2.bg
Rachel.Wright,Rachel,Wright,Rachel.Wright@icb2.bg
Rachel.Kim,Rachel,Kim,Rachel.Kim@icb2.bg
Stephanie.Henderson,Stephanie,Henderson,Stephanie.Henderson@icb2.bg
Ryan.Perkins,Ryan,Perkins,Ryan.Perkins@icb2.bg
Michelle.Jones,Michelle,Jones,Michelle.Jones@icb2.bg
Denise.Peters,Denise,Peters,Denise.Peters@icb2.bg
Carol.Romero,Carol,Romero,Carol.Romero@icb2.bg
Evelyn.White,Evelyn,White,Evelyn.White@icb2.bg
Amanda.Morgan,Amanda,Morgan,Amanda.Morgan@icb2.bg
Scott.Weaver,Scott,Weaver,Scott.Weaver@icb2.bg
Brenda.Fuller,Brenda,Fuller,Brenda.Fuller@icb2.bg
Gary.Riley,Gary,Riley,Gary.Riley@icb2.bg
Frances.Peters,Frances,Peters,Frances.Peters@icb2.bg
Brenda.Burns,Brenda,Burns,Brenda.Burns@icb2.bg
Lois.Day,Lois,Day,Lois.Day@icb2.bg
Jack.Bishop,Jack,Bishop,Jack.Bishop@icb2.bg
Howard.Fuller,Howard,Fuller,Howard.Fuller@icb2.bg
Louise.Diaz,Louise,Diaz,Louise.Diaz@icb2.bg
Harold.Lopez,Harold,Lopez,Harold.Lopez@icb2.bg
Katherine.Mcdonald,Katherine,Mcdonald,Katherine.Mcdonald@icb2.bg
Marie.Murray,Marie,Murray,Marie.Murray@icb2.bg
Ruby.Austin,Ruby,Austin,Ruby.Austin@icb2.bg
Lori.Lynch,Lori,Lynch,Lori.Lynch@icb2.bg
Paul.Washington,Paul,Washington,Paul.Washington@icb2.bg
Johnny.Hicks,Johnny,Hicks,Johnny.Hicks@icb2.bg
Marie.Lane,Marie,Lane,Marie.Lane@icb2.bg
Teresa.Wright,Teresa,Wright,Teresa.Wright@icb2.bg
Joseph.Vasquez,Joseph,Vasquez,Joseph.Vasquez@icb2.bg
Kathryn.Edwards,Kathryn,Edwards,Kathryn.Edwards@icb2.bg
Beverly.Vasquez,Beverly,Vasquez,Beverly.Vasquez@icb2.bg
Brandon.Rice,Brandon,Rice,Brandon.Rice@icb2.bg
Kathleen.Bennett,Kathleen,Bennett,Kathleen.Bennett@icb2.bg
Mark.Sanchez,Mark,Sanchez,Mark.Sanchez@icb2.bg
Kathy.Allen,Kathy,Allen,Kathy.Allen@icb2.bg
Gerald.Butler,Gerald,Butler,Gerald.Butler@icb2.bg
Steven.Cook,Steven,Cook,Steven.Cook@icb2.bg
Anthony.Palmer,Anthony,Palmer,Anthony.Palmer@icb2.bg
Denise.Duncan,Denise,Duncan,Denise.Duncan@icb2.bg
Kathy.Hanson,Kathy,Hanson,Kathy.Hanson@icb2.bg
Jacqueline.Banks,Jacqueline,Banks,Jacqueline.Banks@icb2.bg
Ashley.Ellis,Ashley,Ellis,Ashley.Ellis@icb2.bg
Willie.Wright,Willie,Wright,Willie.Wright@icb2.bg
Ann.Romero,Ann,Romero,Ann.Romero@icb2.bg
Brenda.Mason,Brenda,Mason,Brenda.Mason@icb2.bg
Aaron.Morris,Aaron,Morris,Aaron.Morris@icb2.bg
Teresa.Hayes,Teresa,Hayes,Teresa.Hayes@icb2.bg
Thomas.Willis,Thomas,Willis,Thomas.Willis@icb2.bg
Ryan.Bradley,Ryan,Bradley,Ryan.Bradley@icb2.bg
Justin.Smith,Justin,Smith,Justin.Smith@icb2.bg
Jose.Phillips,Jose,Phillips,Jose.Phillips@icb2.bg
Gloria.Matthews,Gloria,Matthews,Gloria.Matthews@icb2.bg
Victor.Owens,Victor,Owens,Victor.Owens@icb2.bg
Teresa.Patterson,Teresa,Patterson,Teresa.Patterson@icb2.bg
Anne.Chavez,Anne,Chavez,Anne.Chavez@icb2.bg
Steve.Ramirez,Steve,Ramirez,Steve.Ramirez@icb2.bg
Patrick.Sanchez,Patrick,Sanchez,Patrick.Sanchez@icb2.bg
Anthony.Garcia,Anthony,Garcia,Anthony.Garcia@icb2.bg
Janet.Webb,Janet,Webb,Janet.Webb@icb2.bg
Christina.Carr,Christina,Carr,Christina.Carr@icb2.bg
Matthew.Sims,Matthew,Sims,Matthew.Sims@icb2.bg
Sandra.Fields,Sandra,Fields,Sandra.Fields@icb2.bg
Judy.Gardner,Judy,Gardner,Judy.Gardner@icb2.bg
Victor.Jones,Victor,Jones,Victor.Jones@icb2.bg
Henry.Porter,Henry,Porter,Henry.Porter@icb2.bg
Roy.Jackson,Roy,Jackson,Roy.Jackson@icb2.bg
Joseph.Perry,Joseph,Perry,Joseph.Perry@icb2.bg
Lillian.Collins,Lillian,Collins,Lillian.Collins@icb2.bg
Marilyn.Day,Marilyn,Day,Marilyn.Day@icb2.bg
Jose.Lopez,Jose,Lopez,Jose.Lopez@icb2.bg
Clarence.Green,Clarence,Green,Clarence.Green@icb2.bg
Margaret.Adams,Margaret,Adams,Margaret.Adams@icb2.bg
Ryan.Fowler,Ryan,Fowler,Ryan.Fowler@icb2.bg
Chris.Williams,Chris,Williams,Chris.Williams@icb2.bg
Barbara.Lynch,Barbara,Lynch,Barbara.Lynch@icb2.bg
Teresa.Bryant,Teresa,Bryant,Teresa.Bryant@icb2.bg
David.Kelly,David,Kelly,David.Kelly@icb2.bg
Judith.Black,Judith,Black,Judith.Black@icb2.bg
Joe.Roberts,Joe,Roberts,Joe.Roberts@icb2.bg
Diane.Willis,Diane,Willis,Diane.Willis@icb2.bg
Peter.Garrett,Peter,Garrett,Peter.Garrett@icb2.bg
Dorothy.Palmer,Dorothy,Palmer,Dorothy.Palmer@icb2.bg
Scott.Ramos,Scott,Ramos,Scott.Ramos@icb2.bg
Diana.Fields,Diana,Fields,Diana.Fields@icb2.bg
Debra.Hamilton,Debra,Hamilton,Debra.Hamilton@icb2.bg
Wayne.Adams,Wayne,Adams,Wayne.Adams@icb2.bg
Rachel.Evans,Rachel,Evans,Rachel.Evans@icb2.bg
Timothy.Ross,Timothy,Ross,Timothy.Ross@icb2.bg
Ronald.Welch,Ronald,Welch,Ronald.Welch@icb2.bg
Irene.Carter,Irene,Carter,Irene.Carter@icb2.bg
Kimberly.Carroll,Kimberly,Carroll,Kimberly.Carroll@icb2.bg
Alice.Pierce,Alice,Pierce,Alice.Pierce@icb2.bg
Arthur.West,Arthur,West,Arthur.West@icb2.bg
Helen.Warren,Helen,Warren,Helen.Warren@icb2.bg
Mildred.Bailey,Mildred,Bailey,Mildred.Bailey@icb2.bg
Carolyn.Mason,Carolyn,Mason,Carolyn.Mason@icb2.bg
Paula.Fields,Paula,Fields,Paula.Fields@icb2.bg
Bonnie.Murphy,Bonnie,Murphy,Bonnie.Murphy@icb2.bg
Howard.Stone,Howard,Stone,Howard.Stone@icb2.bg
Janice.Cunningham,Janice,Cunningham,Janice.Cunningham@icb2.bg
Anna.Thomas,Anna,Thomas,Anna.Thomas@icb2.bg
Edward.Rivera,Edward,Rivera,Edward.Rivera@icb2.bg
Jason.Ortiz,Jason,Ortiz,Jason.Ortiz@icb2.bg
Carol.Elliott,Carol,Elliott,Carol.Elliott@icb2.bg
Ronald.Bailey,Ronald,Bailey,Ronald.Bailey@icb2.bg
Kathleen.Lewis,Kathleen,Lewis,Kathleen.Lewis@icb2.bg
Maria.Henderson,Maria,Henderson,Maria.Henderson@icb2.bg
Jeffrey.Rice,Jeffrey,Rice,Jeffrey.Rice@icb2.bg
Benjamin.Allen,Benjamin,Allen,Benjamin.Allen@icb2.bg
Joseph.Turner,Joseph,Turner,Joseph.Turner@icb2.bg
Diane.Thompson,Diane,Thompson,Diane.Thompson@icb2.bg
Eric.Reed,Eric,Reed,Eric.Reed@icb2.bg
Bruce.Clark,Bruce,Clark,Bruce.Clark@icb2.bg
Douglas.Day,Douglas,Day,Douglas.Day@icb2.bg
Todd.Alexander,Todd,Alexander,Todd.Alexander@icb2.bg
Lisa.Thompson,Lisa,Thompson,Lisa.Thompson@icb2.bg
Cheryl.Ortiz,Cheryl,Ortiz,Cheryl.Ortiz@icb2.bg
Rebecca.Murray,Rebecca,Murray,Rebecca.Murray@icb2.bg
Susan.Hunter,Susan,Hunter,Susan.Hunter@icb2.bg
Phillip.Willis,Phillip,Willis,Phillip.Willis@icb2.bg
Irene.Pierce,Irene,Pierce,Irene.Pierce@icb2.bg
Alan.Kennedy,Alan,Kennedy,Alan.Kennedy@icb2.bg
Bonnie.Hawkins,Bonnie,Hawkins,Bonnie.Hawkins@icb2.bg
Lisa.Banks,Lisa,Banks,Lisa.Banks@icb2.bg
Fred.Burton,Fred,Burton,Fred.Burton@icb2.bg
Kevin.Nichols,Kevin,Nichols,Kevin.Nichols@icb2.bg
Bonnie.Greene,Bonnie,Greene,Bonnie.Greene@icb2.bg
Bruce.Black,Bruce,Black,Bruce.Black@icb2.bg
Kathy.Burton,Kathy,Burton,Kathy.Burton@icb2.bg
Andrew.Foster,Andrew,Foster,Andrew.Foster@icb2.bg
Anne.Harris,Anne,Harris,Anne.Harris@icb2.bg
Julie.Frazier,Julie,Frazier,Julie.Frazier@icb2.bg
Nicholas.Rose,Nicholas,Rose,Nicholas.Rose@icb2.bg
Philip.Olson,Philip,Olson,Philip.Olson@icb2.bg
Amanda.Mccoy,Amanda,Mccoy,Amanda.Mccoy@icb2.bg
Sarah.Webb,Sarah,Webb,Sarah.Webb@icb2.bg
Cynthia.Carroll,Cynthia,Carroll,Cynthia.Carroll@icb2.bg
Annie.Brooks,Annie,Brooks,Annie.Brooks@icb2.bg
Terry.Price,Terry,Price,Terry.Price@icb2.bg
Steve.Powell,Steve,Powell,Steve.Powell@icb2.bg
Shirley.Adams,Shirley,Adams,Shirley.Adams@icb2.bg
John.Moreno,John,Moreno,John.Moreno@icb2.bg
Ernest.Myers,Ernest,Myers,Ernest.Myers@icb2.bg
Carol.Williamson,Carol,Williamson,Carol.Williamson@icb2.bg
Joan.Flores,Joan,Flores,Joan.Flores@icb2.bg
Phyllis.Fox,Phyllis,Fox,Phyllis.Fox@icb2.bg
Norma.Carr,Norma,Carr,Norma.Carr@icb2.bg
Henry.Carpenter,Henry,Carpenter,Henry.Carpenter@icb2.bg
Philip.Bowman,Philip,Bowman,Philip.Bowman@icb2.bg
Katherine.Nguyen,Katherine,Nguyen,Katherine.Nguyen@icb2.bg
Lori.Sims,Lori,Sims,Lori.Sims@icb2.bg
Jose.Turner,Jose,Turner,Jose.Turner@icb2.bg
Sandra.Clark,Sandra,Clark,Sandra.Clark@icb2.bg
Jesse.Welch,Jesse,Welch,Jesse.Welch@icb2.bg
Michael.Fisher,Michael,Fisher,Michael.Fisher@icb2.bg
Arthur.Larson,Arthur,Larson,Arthur.Larson@icb2.bg
Anthony.Dean,Anthony,Dean,Anthony.Dean@icb2.bg
Roger.Gutierrez,Roger,Gutierrez,Roger.Gutierrez@icb2.bg
Catherine.Rose,Catherine,Rose,Catherine.Rose@icb2.bg
Jeffrey.Fuller,Jeffrey,Fuller,Jeffrey.Fuller@icb2.bg
Anna.Miller,Anna,Miller,Anna.Miller@icb2.bg
Dorothy.Ferguson,Dorothy,Ferguson,Dorothy.Ferguson@icb2.bg
Andrew.Knight,Andrew,Knight,Andrew.Knight@icb2.bg
Donna.Powell,Donna,Powell,Donna.Powell@icb2.bg
Matthew.Perry,Matthew,Perry,Matthew.Perry@icb2.bg
Eugene.Parker,Eugene,Parker,Eugene.Parker@icb2.bg
Harold.Carter,Harold,Carter,Harold.Carter@icb2.bg
Craig.Bennett,Craig,Bennett,Craig.Bennett@icb2.bg
Lillian.Burke,Lillian,Burke,Lillian.Burke@icb2.bg
Amy.Perez,Amy,Perez,Amy.Perez@icb2.bg
Rebecca.Sanchez,Rebecca,Sanchez,Rebecca.Sanchez@icb2.bg
William.Price,William,Price,William.Price@icb2.bg
Amy.Peterson,Amy,Peterson,Amy.Peterson@icb2.bg
Laura.Griffin,Laura,Griffin,Laura.Griffin@icb2.bg
Eric.Bowman,Eric,Bowman,Eric.Bowman@icb2.bg
Christopher.Ford,Christopher,Ford,Christopher.Ford@icb2.bg
Marie.Smith,Marie,Smith,Marie.Smith@icb2.bg
Gregory.Nguyen,Gregory,Nguyen,Gregory.Nguyen@icb2.bg
Shirley.Simpson,Shirley,Simpson,Shirley.Simpson@icb2.bg
Lois.Wilson,Lois,Wilson,Lois.Wilson@icb2.bg
Laura.Hernandez,Laura,Hernandez,Laura.Hernandez@icb2.bg
Lawrence.Gonzales,Lawrence,Gonzales,Lawrence.Gonzales@icb2.bg
Rebecca.Rice,Rebecca,Rice,Rebecca.Rice@icb2.bg
Ernest.Russell,Ernest,Russell,Ernest.Russell@icb2.bg
Jane.Lynch,Jane,Lynch,Jane.Lynch@icb2.bg
Earl.Gardner,Earl,Gardner,Earl.Gardner@icb2.bg
Laura.Ray,Laura,Ray,Laura.Ray@icb2.bg
Lois.Smith,Lois,Smith,Lois.Smith@icb2.bg
Robin.Roberts,Robin,Roberts,Robin.Roberts@icb2.bg
Paul.Reid,Paul,Reid,Paul.Reid@icb2.bg
Bruce.Gutierrez,Bruce,Gutierrez,Bruce.Gutierrez@icb2.bg
Timothy.Lane,Timothy,Lane,Timothy.Lane@icb2.bg
George.Marshall,George,Marshall,George.Marshall@icb2.bg
Irene.Watkins,Irene,Watkins,Irene.Watkins@icb2.bg
Martha.Stevens,Martha,Stevens,Martha.Stevens@icb2.bg
Tina.Johnson,Tina,Johnson,Tina.Johnson@icb2.bg
Paula.Owens,Paula,Owens,Paula.Owens@icb2.bg
Virginia.Gardner,Virginia,Gardner,Virginia.Gardner@icb2.bg
Samuel.Harris,Samuel,Harris,Samuel.Harris@icb2.bg
Judy.Thompson,Judy,Thompson,Judy.Thompson@icb2.bg
Lois.Henderson,Lois,Henderson,Lois.Henderson@icb2.bg
Norma.Flores,Norma,Flores,Norma.Flores@icb2.bg
Evelyn.Alvarez,Evelyn,Alvarez,Evelyn.Alvarez@icb2.bg
Anne.Patterson,Anne,Patterson,Anne.Patterson@icb2.bg
Martha.Henry,Martha,Henry,Martha.Henry@icb2.bg
Heather.Hill,Heather,Hill,Heather.Hill@icb2.bg
Wayne.Burton,Wayne,Burton,Wayne.Burton@icb2.bg
Irene.Moreno,Irene,Moreno,Irene.Moreno@icb2.bg
Donald.Stone,Donald,Stone,Donald.Stone@icb2.bg
Amanda.Robinson,Amanda,Robinson,Amanda.Robinson@icb2.bg
Harry.Alvarez,Harry,Alvarez,Harry.Alvarez@icb2.bg
Alice.Henderson,Alice,Henderson,Alice.Henderson@icb2.bg
Ruth.Banks,Ruth,Banks,Ruth.Banks@icb2.bg
Phillip.Edwards,Phillip,Edwards,Phillip.Edwards@icb2.bg
Chris.Gordon,Chris,Gordon,Chris.Gordon@icb2.bg
Cheryl.Fuller,Cheryl,Fuller,Cheryl.Fuller@icb2.bg
Antonio.Andrews,Antonio,Andrews,Antonio.Andrews@icb2.bg
Dennis.Garrett,Dennis,Garrett,Dennis.Garrett@icb2.bg
Willie.Woods,Willie,Woods,Willie.Woods@icb2.bg
Heather.Perkins,Heather,Perkins,Heather.Perkins@icb2.bg
Jennifer.Jacobs,Jennifer,Jacobs,Jennifer.Jacobs@icb2.bg
Randy.Franklin,Randy,Franklin,Randy.Franklin@icb2.bg
Julia.Sullivan,Julia,Sullivan,Julia.Sullivan@icb2.bg
Nicole.Scott,Nicole,Scott,Nicole.Scott@icb2.bg
Charles.Taylor,Charles,Taylor,Charles.Taylor@icb2.bg
Jose.Knight,Jose,Knight,Jose.Knight@icb2.bg
Gerald.Graham,Gerald,Graham,Gerald.Graham@icb2.bg
Patricia.Stephens,Patricia,Stephens,Patricia.Stephens@icb2.bg
Anthony.Webb,Anthony,Webb,Anthony.Webb@icb2.bg
Earl.Lewis,Earl,Lewis,Earl.Lewis@icb2.bg
Helen.Mason,Helen,Mason,Helen.Mason@icb2.bg
Beverly.Morrison,Beverly,Morrison,Beverly.Morrison@icb2.bg
Samuel.Schmidt,Samuel,Schmidt,Samuel.Schmidt@icb2.bg
Dennis.Peterson,Dennis,Peterson,Dennis.Peterson@icb2.bg
Donna.Cole,Donna,Cole,Donna.Cole@icb2.bg
Louise.Bryant,Louise,Bryant,Louise.Bryant@icb2.bg
Jack.Jenkins,Jack,Jenkins,Jack.Jenkins@icb2.bg
William.Rice,William,Rice,William.Rice@icb2.bg
Jeffrey.Thomas,Jeffrey,Thomas,Jeffrey.Thomas@icb2.bg
Brenda.Andrews,Brenda,Andrews,Brenda.Andrews@icb2.bg
Carlos.Holmes,Carlos,Holmes,Carlos.Holmes@icb2.bg
Craig.Hunt,Craig,Hunt,Craig.Hunt@icb2.bg
Jean.Johnston,Jean,Johnston,Jean.Johnston@icb2.bg
Stephen.Bell,Stephen,Bell,Stephen.Bell@icb2.bg
Ruth.Hernandez,Ruth,Hernandez,Ruth.Hernandez@icb2.bg
Jimmy.Wheeler,Jimmy,Wheeler,Jimmy.Wheeler@icb2.bg
Denise.Vasquez,Denise,Vasquez,Denise.Vasquez@icb2.bg
Eugene.Banks,Eugene,Banks,Eugene.Banks@icb2.bg
Joseph.Howell,Joseph,Howell,Joseph.Howell@icb2.bg
Kimberly.Ross,Kimberly,Ross,Kimberly.Ross@icb2.bg
Beverly.Castillo,Beverly,Castillo,Beverly.Castillo@icb2.bg
Ralph.Jones,Ralph,Jones,Ralph.Jones@icb2.bg
Jason.Reed,Jason,Reed,Jason.Reed@icb2.bg
Jose.Torres,Jose,Torres,Jose.Torres@icb2.bg
Barbara.Green,Barbara,Green,Barbara.Green@icb2.bg
Scott.Ray,Scott,Ray,Scott.Ray@icb2.bg
Eric.Daniels,Eric,Daniels,Eric.Daniels@icb2.bg
Amy.Carter,Amy,Carter,Amy.Carter@icb2.bg
Barbara.Green,Barbara,Green,Barbara.Green@icb2.bg
Kimberly.Stone,Kimberly,Stone,Kimberly.Stone@icb2.bg
Elizabeth.Hill,Elizabeth,Hill,Elizabeth.Hill@icb2.bg
Frank.Jones,Frank,Jones,Frank.Jones@icb2.bg
Frances.Lane,Frances,Lane,Frances.Lane@icb2.bg
Roger.Henderson,Roger,Henderson,Roger.Henderson@icb2.bg
Denise.Mills,Denise,Mills,Denise.Mills@icb2.bg
Steve.Marshall,Steve,Marshall,Steve.Marshall@icb2.bg
Gary.Harris,Gary,Harris,Gary.Harris@icb2.bg
Katherine.Oliver,Katherine,Oliver,Katherine.Oliver@icb2.bg
Louis.Perez,Louis,Perez,Louis.Perez@icb2.bg
Chris.Williamson,Chris,Williamson,Chris.Williamson@icb2.bg
Brandon.Sanders,Brandon,Sanders,Brandon.Sanders@icb2.bg
Daniel.Cooper,Daniel,Cooper,Daniel.Cooper@icb2.bg
Gregory.Henry,Gregory,Henry,Gregory.Henry@icb2.bg
Fred.Owens,Fred,Owens,Fred.Owens@icb2.bg
Keith.Greene,Keith,Greene,Keith.Greene@icb2.bg
Kimberly.Gonzalez,Kimberly,Gonzalez,Kimberly.Gonzalez@icb2.bg
Amy.Nguyen,Amy,Nguyen,Amy.Nguyen@icb2.bg
Jonathan.Sullivan,Jonathan,Sullivan,Jonathan.Sullivan@icb2.bg
Sharon.Medina,Sharon,Medina,Sharon.Medina@icb2.bg
Susan.Bennett,Susan,Bennett,Susan.Bennett@icb2.bg
Andrea.Rose,Andrea,Rose,Andrea.Rose@icb2.bg
Mary.Miller,Mary,Miller,Mary.Miller@icb2.bg
Jean.Mcdonald,Jean,Mcdonald,Jean.Mcdonald@icb2.bg
Jose.Kennedy,Jose,Kennedy,Jose.Kennedy@icb2.bg
Robert.Price,Robert,Price,Robert.Price@icb2.bg
Sarah.Sullivan,Sarah,Sullivan,Sarah.Sullivan@icb2.bg
Dorothy.Henry,Dorothy,Henry,Dorothy.Henry@icb2.bg
Heather.Harvey,Heather,Harvey,Heather.Harvey@icb2.bg
Daniel.Morales,Daniel,Morales,Daniel.Morales@icb2.bg
Jeffrey.Bishop,Jeffrey,Bishop,Jeffrey.Bishop@icb2.bg
Jessica.Richardson,Jessica,Richardson,Jessica.Richardson@icb2.bg
Eugene.Mccoy,Eugene,Mccoy,Eugene.Mccoy@icb2.bg
Jeffrey.Little,Jeffrey,Little,Jeffrey.Little@icb2.bg
Michael.Simmons,Michael,Simmons,Michael.Simmons@icb2.bg
Helen.Harper,Helen,Harper,Helen.Harper@icb2.bg
Bobby.Smith,Bobby,Smith,Bobby.Smith@icb2.bg
Evelyn.Oliver,Evelyn,Oliver,Evelyn.Oliver@icb2.bg
Angela.Gonzalez,Angela,Gonzalez,Angela.Gonzalez@icb2.bg
Alice.Tucker,Alice,Tucker,Alice.Tucker@icb2.bg
Lisa.Campbell,Lisa,Campbell,Lisa.Campbell@icb2.bg
Elizabeth.King,Elizabeth,King,Elizabeth.King@icb2.bg
Debra.Phillips,Debra,Phillips,Debra.Phillips@icb2.bg
Roy.Vasquez,Roy,Vasquez,Roy.Vasquez@icb2.bg
Elizabeth.Torres,Elizabeth,Torres,Elizabeth.Torres@icb2.bg
Martha.Price,Martha,Price,Martha.Price@icb2.bg
Andrea.Hanson,Andrea,Hanson,Andrea.Hanson@icb2.bg
Annie.Thomas,Annie,Thomas,Annie.Thomas@icb2.bg
Gary.Foster,Gary,Foster,Gary.Foster@icb2.bg
